00,1.2563,1.3524,1.4442,1.5314,1.6142,1.6926,1.7669,1.8376,1.9045,1.9683,2.0292,2.0873,2.1428,2.196,2.2469,2.2956,2.3424,2.3871,2.4306,2.4723,2.5118,2.5506,2.5879,2.6234,2.6583,2.6918,2.7243,2.7552,2.7855,2.8146,2.843
-0.5,0.000162154,0.000243043,-1.33E-05,-3.41E-05,1.98E-06,-5.91E-06,-5.09E-05,-2.05E-05,-3.86E-05,1.48E-06,7.64E-05,6.75E-05,3.31E-05,5.12E-06,-0.000113613,-0.000131656,6.39E-05,3.06E-05,-0.000208284,0.000231217,-0.000148423,-0.000894064,0.000495247,0.000101391,0.000495006,-0.002005276,-0.001066831,0.003312622,-0.007112484,0.00083685,-0.029153656
-0.45,4.31E-05,2.95E-05,-1.83E-05,-4.43E-06,-6.36E-08,-5.69E-05,-1.27E-05,-4.49E-05,-3.93E-05,-5.86E-05,-2.54E-05,2.19E-05,2.14E-05,4.67E-05,-0.00012011,-2.30E-05,4.08E-05,2.11E-05,-0.000548208,-0.000585002,-0.000929753,-0.000139664,-0.000779051,-0.000857557,-0.000825862,0.003545975,0.002018638,0.003866755,0.007840344,0.003491283,-0.026652533
-0.4,-0.000232373,7.01E-05,5.77E-05,0.000123202,-2.27E-05,-1.19E-05,4.01E-05,-3.36E-05,3.16E-06,2.32E-06,8.42E-06,1.60E-05,-1.59E-05,-6.00E-05,0.000121193,-0.000188501,-2.36E-05,0.00015388,-0.00026491,-7.39E-05,0.000488474,0.00099159,-0.000156898,-0.000295763,0.003022334,-0.001282169,-0.002109198,0.009498024,0.001467468,-0.00608021,0.004952554
-0.35,0.00022871,-0.00023532,-1.94E-05,-6.85E-05,-4.83E-05,5.29E-05,5.10E-06,-1.80E-06,3.77E-05,-4.09E-05,2.47E-06,-2.14E-05,-9.35E-05,3.96E-06,0.000137591,0.000161621,7.38E-06,-0.000331754,-0.000382691,1.36E-05,4.41E-05,-0.000112938,-0.000828398,0.000196167,9.28E-05,-0.002352615,0.006345089,0.00307541,0.009348789,-0.009265344,0.014580497
-0.3,-0.000174277,0.000149228,-1.16E-05,-8.22E-06,2.18E-05,6.90E-05,-5.89E-05,-3.29E-06,-1.71E-05,-1.24E-05,-4.11E-06,-0.000113934,-9.29E-05,-1.73E-05,-0.000100285,0.000148676,0.000150994,0.000207373,0.000420529,0.00045325,0.001191425,0.000374292,0.00088461,0.001748179,0.001085772,-0.001722512,-7.84E-05,0.000123418,-0.000595622,-0.01581105,0.002319759
-0.25,-2.64E-06,-5.39E-05,-7.66E-05,-7.84E-06,2.92E-05,0.000140827,-1.26E-05,-2.25E-05,8.60E-06,3.71E-05,5.30E-06,-7.26E-05,-6.10E-05,1.19E-05,0.000208823,0.000342383,0.000662568,0.000644312,0.000488462,0.000837822,-0.00039771,-0.000303649,-0.002313044,-0.001754459,0.000717823,-0.000615205,-0.005184361,-0.001722426,0.007410045,0.013504215,-0.007548209
-0.2,-4.98E-05,0.000106905,-1.36E-05,0.000128751,0.000191411,0.000456247,-1.51E-05,0.00019867,0.000262156,0.00029573,0.000345076,0.000246422,3.75E-05,0.000313586,0.000451575,0.000244919,-9.92E-05,2.10E-05,-0.00011452,-0.000183199,-0.00012097,-0.00021383,5.12E-05,-0.001763578,0.000389825,0.006898546,0.00437053,0.007295469,-0.00555167,0.005910239,0.006218179
-0.15,0.000194387,6.15E-05,1.98E-05,0.000134242,0.000237586,0.001730234,-8.81E-06,0.000519911,0.000450092,0.000312201,5.71E-05,-0.000373049,-0.00055574,-0.000619135,-0.000567131,-0.000424667,-9.86E-05,-0.000308285,-0.000404992,-0.000372155,-0.0010746,-0.000330518,-0.000933046,-0.001126412,0.002748937,5.94E-06,0.000355976,0.007765278,0.004994563,0.009941717,0.023359846
-0.1,0.001065829,0.001001717,0.000158727,0.000197317,0.000264853,0.001015711,-0.001319333,-0.000642381,-0.001093995,-0.001564508,-0.002069875,-0.00274408,-0.003293941,-0.002918824,-0.002279066,-0.001927221,-0.001768995,-0.001636164,-0.002194607,-0.001003024,-0.001839033,-0.00171605,0.000372073,5.56E-05,-0.001524976,0.002854948,0.001212291,-0.002501883,-0.004136416,-0.010873681,0.022660012
-0.05,0.000353097,0.00155414,0.000234492,-0.000182539,0.000216868,-0.001049396,-0.001440414,-0.00260734,-0.003974453,-0.005644001,-0.00803879,-0.011186052,-0.012679619,-0.010551555,-0.006385215,-0.003737689,-0.00198309,-0.000840797,4.10E-05,0.001036592,0.002375652,0.002502683,0.002276948,0.005352735,0.007330837,0.002539013,0.003138628,-0.001416267,0.010451323,-0.002546115,-0.000613518
-6.94E-17,0.000879977,0.001342875,0.000946062,-0.000208986,0.001094442,0.001735586,0.001296974,-0.001273201,-0.004452782,-0.009021724,-0.015908884,-0.023762821,-0.027671017,-0.021150791,-0.010103689,-0.001806356,0.002853464,0.005641931,0.00675329,0.00803587,0.009860855,0.009174567,0.008793776,0.009194834,0.010126976,0.009108709,0.005701192,0.009611126,0.008965718,-0.004439791,0.009723558
0.05,0.00144961,0.002973856,0.003772389,0.002938003,0.003197103,0.003928322,0.002315526,-0.001050694,-0.006441512,-0.014474133,-0.026316265,-0.040234051,-0.047071626,-0.036447882,-0.017563267,-0.002927979,0.005430647,0.010144084,0.01233658,0.013685428,0.013540598,0.013014416,0.011768366,0.013233186,0.011696853,0.01096418,0.013852805,0.009838396,0.000258024,0.011451113,0.019060626
0.1,0.00180677,0.004336636,0.005042732,0.003970346,0.004063264,0.005420982,0.004339224,0.000965862,-0.005483484,-0.015762662,-0.031351169,-0.049965729,-0.058870524,-0.0451802,-0.020541896,-0.001613413,0.009159508,0.014651977,0.017988543,0.018570805,0.017217522,0.017628814,0.017031861,0.014749169,0.013281339,0.010978006,0.012079164,0.014447196,0.016334012,0.028746417,-0.025123587
0.15,0.001574632,0.005066135,0.005723197,0.004601421,0.004770985,0.006506202,0.005908176,0.002830313,-0.003917815,-0.015631848,-0.034079565,-0.056402082,-0.067349668,-0.051390253,-0.022068259,7.97E-05,0.012591774,0.018284896,0.020353196,0.02112209,0.02119198,0.019490494,0.017453517,0.01564767,0.010139432,0.013562531,0.004661375,0.016491781,0.017142322,0.00987635,-0.00484702
0.2,0.001947167,0.004843207,0.005863037,0.004570244,0.005090114,0.007188424,0.00710957,0.00465779,-0.00191644,-0.014438392,-0.03503843,-0.060342487,-0.073274049,-0.055714591,-0.02273565,0.002177339,0.015606882,0.021407285,0.023181357,0.024026078,0.021983498,0.020865204,0.018308991,0.016775146,0.014309725,0.012291736,0.008514339,0.011935018,0.007286487,0.031059397,0.031574895
0.25,0.001457447,0.004644769,0.005655655,0.004579565,0.005030151,0.007506895,0.007735407,0.00582831,-0.00019611,-0.012860786,-0.034586996,-0.062135023,-0.076337102,-0.057662733,-0.022446739,0.004103309,0.017577453,0.023508509,0.025407394,0.025096069,0.022828218,0.019942982,0.019744961,0.017304818,0.013702339,0.011303727,0.01442157,0.009843168,0.005749324,0.0114529,0.012646692
0.3,0.001517563,0.004199533,0.005140079,0.004386085,0.004912908,0.007545379,0.007904874,0.006884865,0.001480354,-0.011093688,-0.033462729,-0.062559776,-0.077969091,-0.058514212,-0.021625879,0.005835393,0.019315191,0.02477749,0.026197703,0.024818272,0.021904815,0.020948846,0.0176958,0.017045785,0.013627727,0.008748693,0.009304972,0.009935678,0.001779961,-0.001626012,0.008481972
0.35,0.001446583,0.003829604,0.004824994,0.004294376,0.004713792,0.007346731,0.007859225,0.007369875,0.002596134,-0.009401554,-0.031895601,-0.061976969,-0.078172108,-0.058623657,-0.020692032,0.007219134,0.020961262,0.025106068,0.026188495,0.02433404,0.022568189,0.020730794,0.015243994,0.014320546,0.014524298,0.007542235,0.01232528,0.002874354,-0.005067071,0.021509468,-0.009826482
0.4,0.001487771,0.003791887,0.004411299,0.003886405,0.004278673,0.006897616,0.0076369,0.007649614,0.003675667,-0.007767934,-0.030008096,-0.060509707,-0.077472443,-0.057569808,-0.019543897,0.008275286,0.021262174,0.025303873,0.025230636,0.024416849,0.021804153,0.018729837,0.017686185,0.016000204,0.012709543,0.011764951,0.011158625,0.006493048,0.008121763,-0.001306291,-0.016359062
0.45,0.001328894,0.003411129,0.004087272,0.003508514,0.004026229,0.006439433,0.007335308,0.007729584,0.004311592,-0.006343471,-0.028169729,-0.058801492,-0.07620813,-0.056540234,-0.018205308,0.009315984,0.021416938,0.02514841,0.025081256,0.022912271,0.020081014,0.018440316,0.016957243,0.012998369,0.009475848,0.006761196,0.004777835,0.015912989,0.017798036,0.030408736,0.01013105
0.5,0.001110338,0.002934925,0.003586236,0.003270917,0.003615895,0.005940153,0.006912037,0.007593975,0.004834209,-0.004940408,-0.025931851,-0.056380418,-0.073977818,-0.054591369,-0.016784231,0.010015049,0.021208139,0.024340084,0.023783206,0.021916365,0.019510281,0.016028828,0.014103033,0.012578377,0.010532226,0.006343885,0.004528209,0.012562892,0.007879556,0.013457484,0.054966603
0.55,0.000912676,0.002820847,0.00326109,0.003037065,0.00326326,0.005513746,0.00646824,0.007386144,0.005129471,-0.003849551,-0.024034278,-0.05406285,-0.071754001,-0.052651407,-0.015411379,0.010605425,0.021616471,0.024001125,0.022865959,0.021004905,0.018132925,0.015935517,0.012338322,0.011094193,0.010048391,0.007852551,0.005843329,0.011553447,-0.00213432,0.023559112,0.023389032
0.6,0.000760203,0.002609131,0.002942222,0.002682335,0.003038584,0.005115422,0.005990171,0.007090022,0.005287022,-0.002854179,-0.022123908,-0.051501126,-0.069242211,-0.05068977,-0.014140172,0.010740096,0.020825741,0.02323482,0.021543404,0.018801317,0.016435277,0.013981961,0.011114931,0.008349365,0.010436687,0.007806534,0.004257585,0.001003087,0.005961551,-0.010752184,0.00149422
0.65,0.000817426,0.001918142,0.002658407,0.002492621,0.002612978,0.004600071,0.005479175,0.006731505,0.005338682,-0.002027283,-0.020132178,-0.04864895,-0.066104187,-0.048119227,-0.012861911,0.011193497,0.020372286,0.022127126,0.020376686,0.018680254,0.014974853,0.012617613,0.010391163,0.007786803,0.007022303,0.003072327,0.003774379,-0.000808519,0.008435044,0.007432832,0.006562359
0.7,0.000551633,0.001722162,0.002286721,0.002245253,0.002403816,0.004162404,0.004983735,0.006366055,0.005307015,-0.001361764,-0.018488736,-0.046033521,-0.063273549,-0.045953333,-0.011708484,0.011169821,0.019713364,0.020878392,0.019300326,0.017261293,0.0145679,0.012408047,0.009973009,0.009501857,0.006817171,0.001111775,0.001053002,0.004138767,0.019019702,0.022940022,0.001123311
0.75,0.000402678,0.001685665,0.001970895,0.001833412,0.002142875,0.003696451,0.00446696,0.005833135,0.005169343,-0.00074994,-0.016620668,-0.04301634,-0.05993281,-0.043188647,-0.010360292,0.011078333,0.018685753,0.019644723,0.017802948,0.015914191,0.01352156,0.012907471,0.008827869,0.006340342,0.002627835,0.004018993,0.002793962,0.010622712,-0.00797082,-0.02421526,0.005251797
0.8,0.000628815,0.001504449,0.001765615,0.001702636,0.001919637,0.003289691,0.004035643,0.005368827,0.004952371,-0.00028594,-0.015103739,-0.040405394,-0.056837823,-0.04088962,-0.009344962,0.010846355,0.018207244,0.01846363,0.016995135,0.014557951,0.010990872,0.009907898,0.007781119,0.008457077,0.007568763,0.00536786,-0.001370159,0.005739954,0.01883284,-0.014793477,-0.015907962
0.85,0.000340396,0.000985253,0.001477997,0.001527168,0.001576484,0.002876548,0.003605482,0.004984297,0.004686324,9.59E-05,-0.013580366,-0.037462269,-0.053516877,-0.038235179,-0.008460722,0.010639172,0.016996758,0.016711764,0.015189634,0.012896301,0.011770928,0.009467907,0.006833506,0.005078948,0.004436975,0.007775382,0.001074059,0.000740504,-0.00063117,0.004669246,0.01474159
0.9,4.50E-05,0.001029027,0.001237337,0.001216302,0.001385854,0.00256284,0.003227908,0.004460661,0.004450071,0.000390307,-0.012388944,-0.035033864,-0.05036876,-0.036160778,-0.007597294,0.010350325,0.015917118,0.015963809,0.014781894,0.011824014,0.009777357,0.007307217,0.005429296,0.006101831,0.004978315,0.006965562,-0.001354343,0.005625135,-0.002892938,-0.016418091,-0.01170924
0.95,-5.46E-06,0.000847514,0.000977322,0.000971546,0.001211677,0.00224212,0.002767258,0.003982844,0.004098063,0.000556832,-0.010963764,-0.032381986,-0.04715317,-0.033599986,-0.006742148,0.009905365,0.014988343,0.014747269,0.012722393,0.010697963,0.008736143,0.006419197,0.007731486,0.004535721,0.00222561,0.003932724,0.005618227,0.001543061,0.012636463,0.001866963,-0.002229476
1,-0.000106442,0.000627804,0.000816618,0.000909712,0.000975739,0.002014463,0.002414391,0.003625685,0.003816746,0.000667149,-0.009967479,-0.030007731,-0.044345173,-0.031532178,-0.006006037,0.009309525,0.013648709,0.013543037,0.011829768,0.010324847,0.008309137,0.007019345,0.006616555,0.004362396,0.007779673,0.001804197,-0.000287216,0.003400456,0.000422611,0.003515656,0.002124598
1.05,1.60E-05,0.000512968,0.000622957,0.000826851,0.00080215,0.001685032,0.002064638,0.003322911,0.003501039,0.00083753,-0.00899898,-0.027956281,-0.04146285,-0.029411878,-0.005330883,0.008748355,0.012828104,0.012437467,0.011068574,0.009456795,0.006519916,0.005629034,0.006211703,0.002864931,0.003130354,-0.000342852,0.006008855,0.002522014,0.005456947,0.007717611,-0.022538351
1.1,0.000239851,0.00038296,0.00051256,0.000694576,0.000639595,0.001409709,0.001727087,0.002862144,0.003159483,0.000864437,-0.007961846,-0.025477568,-0.03839741,-0.027233797,-0.004761997,0.008584366,0.011975051,0.011730358,0.009585054,0.008920043,0.006899159,0.006295787,0.004959153,0.003150415,0.002937515,0.000588843,-0.001831812,0.007420278,0.004877265,0.007161051,-0.00529397
1.15,-0.000361781,0.000387241,0.000382835,0.000482333,0.000512245,0.001111258,0.001507025,0.002455106,0.002882495,0.000849185,-0.007246437,-0.023599238,-0.035924458,-0.025266474,-0.004242217,0.008207962,0.011037064,0.0101632,0.009013284,0.006967682,0.006060847,0.004972409,0.002517797,0.003480016,0.001174719,-0.002271884,-0.000653601,0.005171972,-0.000770097,-0.008046123,-0.020871789
1.2,5.14E-05,0.000392557,0.00024078,0.000323608,0.000352528,0.000883698,0.001271078,0.002169427,0.002565371,0.000759224,-0.006489601,-0.021533434,-0.033143283,-0.023169948,-0.003801265,0.007505659,0.010092383,0.009430294,0.008887211,0.006949779,0.005072767,0.004185322,0.004387567,0.00350509,0.001641089,0.003335581,0.003049851,-0.001586974,0.002183553,0.010424993,0.001901827
1.25,-6.69E-06,-0.000138826,0.000155745,0.000342529,0.000226119,0.00071444,0.001048023,0.001854508,0.00227408,0.000752274,-0.005918273,-0.019869614,-0.030764241,-0.021550311,-0.00330945,0.006857531,0.009764599,0.008901156,0.007371332,0.006240589,0.004552658,0.004688179,0.003158707,0.00223919,0.000745131,0.009558014,-0.001004895,-0.001194734,0.005921524,0.016488789,0.001872461
1.3,3.43E-05,-0.000131157,5.36E-05,0.000236157,0.000134917,0.000548989,0.000795983,0.001576738,0.002023254,0.00073612,-0.005153288,-0.018127042,-0.028309458,-0.019974208,-0.002944243,0.006345555,0.008295514,0.007737978,0.007068811,0.005415091,0.004220861,0.004164223,0.003280154,0.003688255,0.002202222,0.003896225,-0.001537106,0.005865437,0.000332987,0.007196798,0.025120657
1.35,-6.34E-05,0.000163457,4.60E-05,-6.15E-06,6.60E-05,0.000411057,0.000607354,0.001262934,0.001683676,0.000728602,-0.0046672,-0.016569233,-0.026195744,-0.018417909,-0.002699369,0.005971004,0.007585149,0.00696214,0.00667525,0.004741431,0.003428803,0.003057287,0.002020187,0.00306882,0.001640877,0.003271061,0.000423139,0.001286661,0.003846717,0.008650325,0.012373249
1.4,-0.000161604,-0.000185568,-0.000149782,4.57E-05,6.88E-05,0.000282089,0.000415789,0.001070404,0.001458777,0.000561718,-0.004273464,-0.015161568,-0.024024421,-0.01680491,-0.002389555,0.005446495,0.007037987,0.00637868,0.005004364,0.004422721,0.003520582,0.004527626,0.002721226,0.002354906,0.001276922,0.005042601,0.002128712,0.001245701,0.009818101,0.002242662,0.009554825
1.45,-8.80E-05,-0.00027087,-0.000343564,3.27E-05,-9.18E-05,0.000124764,0.000246346,0.000859707,0.001219213,0.000482822,-0.003856318,-0.013909692,-0.022248518,-0.015551125,-0.002281553,0.005112837,0.006463534,0.005806386,0.004828094,0.00316086,0.003788004,0.003117984,0.002290296,0.003771295,0.002264128,0.0044876,-0.001978461,-0.00189137,0.001406237,0.022162145,0.033411653
1.5,-0.000556979,-0.000241706,-0.000356473,-0.000135652,-0.000137548,2.53E-05,0.000170696,0.000618788,0.001047235,0.000437023,-0.003542795,-0.012833988,-0.020549817,-0.014369144,-0.002030264,0.004594077,0.005852055,0.00474367,0.004441171,0.003773685,0.002644104,0.001601496,0.002347445,0.002049578,0.001405569,0.00151182,-0.001762273,0.000552921,0.008679483,0.025781703,0.000285742
1.55,-0.000445518,-0.000558843,-0.000368363,-0.000192218,-0.000256194,-0.000111537,2.41E-05,0.00040334,0.00077973,0.000297109,-0.003279053,-0.011716819,-0.019039006,-0.013110316,-0.001934012,0.003735225,0.005368721,0.004221171,0.004322633,0.002967914,0.001535766,0.002255317,0.001736015,0.001306151,0.001856699,0.002184814,-0.002897463,0.009540398,0.003349141,0.016477094,-0.000715997
1.6,-0.000288827,-0.000600846,-0.000475677,-0.000265415,-0.000291797,-0.000195406,-0.00011124,0.000293809,0.000595979,0.000129395,-0.002944209,-0.010788952,-0.017569983,-0.012372461,-0.001754875,0.003651158,0.004887811,0.004329726,0.003161162,0.002884792,0.002533602,0.002070965,0.0025184,0.001572857,0.002655023,0.002513691,-8.04E-05,-0.00177397,-0.003759118,0.002842253,0.010081238
1.65,-0.000406282,-0.000625544,-0.000503329,-0.000414437,-0.000290606,-0.000180651,-0.000232699,0.000145,0.000432393,0.000136406,-0.002758027,-0.010000005,-0.01619311,-0.011419231,-0.001616448,0.003491368,0.004102084,0.003515792,0.003351863,0.002846324,0.002640475,0.001244781,0.001503602,0.003849334,0.003011662,0.001362491,0.003643729,0.007168565,0.009724985,0.012861589,0.014051743
1.7,-0.000350865,-0.000678885,-0.000556388,-0.000438988,-0.0003397,-0.000250827,-0.00031907,-1.08E-06,0.000332846,2.94E-05,-0.002563248,-0.009183761,-0.015152987,-0.010663158,-0.001390252,0.002798986,0.003747468,0.003079418,0.002660498,0.003073081,0.001018209,0.000651252,0.00140644,0.000961028,0.004278333,0.005662858,8.22E-05,-0.000132585,0.006188333,0.009848587,-0.005768056
1.75,-0.00041485,-0.000659779,-0.000691883,-0.000340685,-0.000386518,-0.000331132,-0.00043618,-9.09E-05,0.000162235,-4.72E-05,-0.002370913,-0.00843388,-0.013850436,-0.009892878,-0.00140193,0.002516291,0.003298864,0.002771619,0.002840417,0.002116439,0.00122246,0.002564134,0.00122741,0.000740073,0.003009306,-0.001659464,0.005249761,0.001159925,-0.009203698,0.008540201,-0.009180175
1.8,-0.000187048,-0.000670575,-0.000693239,-0.000314716,-0.000488778,-0.000433699,-0.000485087,-0.000189255,3.27E-05,-0.00010777,-0.002248151,-0.007898119,-0.012930234,-0.009391486,-0.001531252,0.002311716,0.003203461,0.002600573,0.001972723,0.001536909,0.001591591,0.003112686,0.001313887,0.002337714,0.001617806,-0.003173264,0.000996237,-0.012347754,-4.50E-05,0.008618689,0.01004328
1.85,-0.000441357,-0.000604901,-0.000693158,-0.00021907,-0.000461137,-0.000591366,-0.000520292,-0.000368818,-8.68E-05,-0.000216165,-0.002107572,-0.007232205,-0.01195572,-0.00854872,-0.001422577,0.001896923,0.002548933,0.001883252,0.001253261,0.001861032,0.001098735,0.001595443,0.001429837,0.001944324,0.000317131,-0.0007465,0.000576028,0.005070074,0.010261552,-0.009072894,0.012144185
1.9,-0.000356297,-0.000683313,-0.000659493,-0.000447174,-0.000429436,-0.000641332,-0.000482658,-0.000400457,-0.000187947,-0.0003655,-0.002072955,-0.00680268,-0.011302764,-0.008033734,-0.001457057,0.001692461,0.002268428,0.002248916,0.001827183,0.001168518,0.000173531,0.001708145,0.000946595,0.001843209,-0.000585981,0.00316314,0.005637336,-0.004115758,0.006698378,0.013538774,0.022729688
1.95,-0.000240444,-0.000445616,-0.00067442,-0.000580972,-0.000495024,-0.000664197,-0.000490174,-0.000363228,-0.000224757,-0.000300284,-0.001877383,-0.006299972,-0.010438846,-0.007517316,-0.001456869,0.001532415,0.001835916,0.001511587,0.001336079,0.001648512,0.000642715,0.000679387,0.000180845,0.000861956,0.001141562,0.000419631,-0.00069427,-0.010851813,-0.009419587,0.006780601,-0.01844628
2,9.20E-05,-0.000688664,-0.000669755,-0.000557922,-0.000471878,-0.000637096,-0.000569848,-0.000456927,-0.00026968,-0.00038908,-0.001765289,-0.005833458,-0.009879687,-0.00721214,-0.001264652,0.001225066,0.001753316,0.001629087,0.001039523,0.001163943,0.000559306,0.002151816,-0.000517758,0.00187822,-0.000442969,-0.00021044,-0.002427529,0.000238288,0.009544967,0.010400301,-0.009182401
2.05,-7.55E-05,-0.000509592,-0.000728695,-0.000526242,-0.00042341,-0.00059759,-0.000669659,-0.000515291,-0.000312769,-0.000360158,-0.001642977,-0.005452365,-0.009324286,-0.006731794,-0.001640903,0.000981009,0.001839538,0.001585477,0.00103973,0.000443225,0.000682432,0.002419401,0.001762415,0.001611181,0.00041271,0.003673958,-0.000367259,-0.001272078,0.008618052,-0.017550611,0.013894538
2.1,-0.000125547,-0.00077192,-0.000870454,-0.000485774,-0.000499788,-0.000597548,-0.000773631,-0.00060106,-0.0004386,-0.000436509,-0.001687317,-0.00514557,-0.008831168,-0.00646605,-0.001310891,0.000711137,0.001346414,0.001000396,0.000795034,0.001122524,2.76E-05,0.000246646,0.000519273,0.001771903,-3.12E-05,0.001464431,9.83E-05,0.001911332,0.007371291,0.022474195,0.009489344
2.15,-0.000252269,-0.000745206,-0.000866292,-0.00046384,-0.000558206,-0.000627753,-0.000779493,-0.000694859,-0.000477782,-0.000421821,-0.001546886,-0.004866272,-0.00829739,-0.006180986,-0.001423488,0.001073676,0.001417639,0.001003528,0.000303816,0.00111944,0.000290438,0.000347902,0.000450921,0.000847874,0.003107307,0.001985509,-0.002103663,-0.000208758,0.01173794,-0.025816613,0.014395999
2.2,-0.000564365,-0.001000847,-0.000883045,-0.000474306,-0.000542539,-0.000706611,-0.000782768,-0.000699048,-0.000537292,-0.000540151,-0.001476176,-0.004618694,-0.00787469,-0.005881594,-0.001349442,0.000747934,0.000814332,0.000626355,0.000350392,0.00112562,0.000830444,0.001506926,0.000377139,0.000424705,0.002367626,0.003546716,-0.000230468,0.005687819,0.006449862,0.014734732,0.003368088
2.25,-0.000501954,-0.000952757,-0.000831446,-0.00050596,-0.00058029,-0.000747765,-0.000788776,-0.000719518,-0.000557276,-0.000598389,-0.001506528,-0.004538417,-0.007565749,-0.005568369,-0.001291583,0.000520772,0.000726563,0.00041825,0.000699023,-0.000126646,0.000734413,0.001378652,0.001317246,0.001307432,0.006693702,-0.00113852,0.003739071,0.001423345,0.010486769,-0.001131869,-0.002152104
2.3,-0.000326711,-0.000875268,-0.000886584,-0.000612987,-0.00054423,-0.000807108,-0.000773979,-0.000729511,-0.00061688,-0.000620696,-0.001478648,-0.004287094,-0.007214157,-0.005417189,-0.00147767,0.000516321,0.000902061,0.000944324,7.01E-05,9.24E-05,0.000286106,0.000159788,-0.001017365,0.0031858,-0.000480584,0.004074857,-0.002334122,-0.004539322,0.010191852,0.017714689,0.022196359
2.35,-0.000419186,-0.000910899,-0.000853333,-0.000714256,-0.000564195,-0.000777559,-0.000769188,-0.000764918,-0.000579381,-0.000664949,-0.001418386,-0.004184435,-0.00710198,-0.005082333,-0.001444418,0.000505542,0.000792631,0.000585255,1.23E-05,-0.000128847,0.000918305,0.001192378,0.000471667,0.001571981,-0.000161348,0.000588533,-4.54E-05,0.009463261,0.003143155,0.015936194,-0.015612219
2.4,-0.00038334,-0.000912101,-0.000929985,-0.000643825,-0.000615157,-0.000727211,-0.000807411,-0.000703699,-0.000659801,-0.000632079,-0.001445504,-0.003971528,-0.006726045,-0.005197721,-0.001387999,0.000332154,0.000632425,-0.000353751,-3.10E-05,-0.000564415,-0.00048326,-0.000256818,-5.55E-05,-0.001339163,0.002107105,0.000989417,0.001241882,0.007744966,-0.001582932,0.003424864,-0.006532439
2.45,-0.000479776,-0.000873728,-0.001021283,-0.000596237,-0.000678375,-0.000727474,-0.00084797,-0.000739152,-0.000665939,-0.000719458,-0.001392633,-0.003813074,-0.006662962,-0.005127993,-0.001615919,0.00012703,0.000353724,0.000234566,6.00E-05,6.55E-05,-0.00081141,-6.06E-05,6.68E-05,0.000257247,0.001880506,0.001361159,-0.00649403,0.008541609,0.016469593,0.009409458,0.023730869
2.5,-0.000220657,-0.000965598,-0.000975605,-0.000657413,-0.000605,-0.000724481,-0.000892835,-0.000810438,-0.000700148,-0.000660854,-0.001396145,-0.003720682,-0.006486733,-0.005009599,-0.001434936,-2.05E-05,0.00019183,0.000400758,-0.000256138,-0.000105252,2.67E-05,-0.000856183,0.000725131,0.000309395,0.001995222,-0.000751531,0.004362503,0.005641026,-0.003576004,0.001625854,-0.003719693
2.55,-0.00013302,-0.000806567,-0.000905117,-0.000569074,-0.000616247,-0.000775106,-0.000884753,-0.000818594,-0.000751433,-0.000713884,-0.001418815,-0.003647476,-0.006263746,-0.004816169,-0.001597254,6.17E-05,0.00010729,0.000227011,-0.000221575,0.000916134,9.07E-06,-0.000537313,-8.64E-05,-0.000695518,0.001557392,0.003310061,0.004198208,-0.003826816,0.006048701,0.023550616,-0.017215969
2.6,-0.00015425,-0.000784193,-0.000974666,-0.000537131,-0.000620286,-0.000826225,-0.00088672,-0.000829781,-0.000705693,-0.000716862,-0.001270941,-0.00353837,-0.00600805,-0.004734863,-0.001615812,-5.87E-05,0.000134269,-0.000101697,-0.000275971,0.000223102,-0.000415297,0.001065174,-0.002015376,-0.001251788,-0.000586078,-0.001264832,-0.002931083,0.001112767,0.004164376,0.016330213,-0.023882702
2.65,-0.000237837,-0.000817467,-0.000955192,-0.000540277,-0.000596264,-0.000836814,-0.000847329,-0.000828786,-0.000750608,-0.000635529,-0.001274745,-0.003454309,-0.005815045,-0.004636875,-0.001787382,-0.000252571,-0.000197935,0.000399603,-0.000508354,-0.000551558,-0.000198685,4.42E-05,0.000170882,-2.17E-05,0.001660851,-0.001643393,0.000121664,-0.003221095,-0.008064907,0.011618516,0.033081157
2.7,-7.63E-05,-0.000860678,-0.000946166,-0.000608887,-0.000659386,-0.000805685,-0.000847361,-0.000841402,-0.000719619,-0.000646628,-0.001241238,-0.003237685,-0.005803635,-0.004626448,-0.001546457,-0.000188119,0.000353898,-0.000118296,-1.83E-05,8.09E-05,-0.000423885,0.000237667,0.000414498,0.000361917,-0.001130885,0.000135905,-0.001831009,0.001192461,-0.005177094,0.006345482,0.022861729
2.75,-0.000430148,-0.000968165,-0.000913585,-0.00066623,-0.000605285,-0.000758195,-0.000844845,-0.000868956,-0.000738378,-0.000647821,-0.001194214,-0.003306185,-0.005699307,-0.00461674,-0.001750324,-3.04E-05,-1.02E-05,-0.000301868,2.06E-05,-0.00011248,-0.000349476,0.000261939,-0.001459202,0.000843771,-0.002311992,-0.002084387,-0.001034976,-0.001992838,-0.004879425,-0.008043346,0.00894415
2.8,-0.000455277,-0.001090525,-0.000812636,-0.000687248,-0.000610122,-0.00077865,-0.00090052,-0.000829293,-0.000731122,-0.00063009,-0.001224083,-0.003244209,-0.005667637,-0.004409312,-0.001672773,-0.000193823,0.000260956,-0.000213035,-0.00040842,-0.000426892,-0.000525754,0.000317853,0.001186651,-0.001007501,2.59E-06,0.002707487,-0.002580692,-0.002500205,-0.003712925,0.02221795,-0.00182158
2.85,-0.000310887,-0.000916102,-0.001029267,-0.000581278,-0.00066905,-0.000760036,-0.000953372,-0.0008477,-0.000756946,-0.000734469,-0.001247809,-0.003155807,-0.005576095,-0.004423929,-0.001651348,-0.000279415,-0.000286374,-0.000359625,-0.000211415,-0.000879473,-0.000245202,-0.000475702,-0.000303098,0.000817877,-0.00149722,-0.000926702,0.000631722,-0.004840546,-0.00039868,0.009345871,-0.007951515
2.9,-0.000517152,-0.000737163,-0.001011535,-0.000602869,-0.000592699,-0.000808082,-0.000929982,-0.000967745,-0.000783792,-0.000752045,-0.001254742,-0.003126022,-0.005302564,-0.004388982,-0.001589481,-0.000175548,-0.000403934,-0.000218864,-0.000103369,0.000333774,-0.000622776,0.001029646,-0.000640407,0.000737451,-0.000413848,0.000571688,0.002532819,-0.004633644,0.00326383,0.023122515,-0.044274953
2.95,-0.000665304,-0.000818396,-0.001047324,-0.00062606,-0.000668201,-0.000896235,-0.00090298,-0.000908158,-0.000817566,-0.000765597,-0.001199743,-0.00325217,-0.005440049,-0.004474535,-0.001514398,-0.000456643,-0.000265226,-0.000258002,-0.000272581,-0.000253637,0.000378096,-0.000395658,-0.000662939,0.000301641,0.001848527,0.000970501,0.000363225,-0.005173613,-0.001221518,0.013759131,-0.005418183
3,-0.000728635,-0.000877891,-0.000973957,-0.000603628,-0.000674511,-0.000927747,-0.000869009,-0.00089526,-0.000781948,-0.000826444,-0.001283937,-0.003088621,-0.005405462,-0.00449136,-0.001654625,-0.000323798,-0.000593171,0.000104253,-0.000140233,-0.000512108,-0.000170911,-0.000264453,-0.000174812,-0.000403574,-0.000467868,0.000422371,0.001679427,0.006841038,-0.011778267,0.010868113,0.011031383
3.05,-0.000517681,-0.000873951,-0.000954817,-0.000701916,-0.000728326,-0.000889993,-0.000838071,-0.000883881,-0.000819661,-0.000760761,-0.001298023,-0.003167405,-0.005218172,-0.004415191,-0.001702166,-0.000409366,-0.000402966,-9.23E-05,-0.000829916,-0.000562081,-0.000873983,-0.001076019,-0.000217136,-0.000219745,-0.002411542,0.001207524,0.003167562,0.006258177,0.003369275,0.008555395,0.00335708
3.1,-0.000442405,-0.000989464,-0.000958164,-0.000771388,-0.000685512,-0.00079591,-0.000861338,-0.000877975,-0.000821269,-0.00073105,-0.001207525,-0.003105412,-0.005321527,-0.004465131,-0.001864722,-0.000532354,-0.000318861,-0.000372998,-0.000782716,-0.000524694,-0.001085579,-0.001338439,-0.000482026,-0.000795404,0.001220052,-0.001864898,-3.93E-05,-0.006774422,0.000828563,-0.005995711,0.002742938
3.15,5.58E-05,-0.001110268,-0.000994813,-0.000770589,-0.0007018,-0.000749661,-0.000905247,-0.000913765,-0.000753142,-0.000741351,-0.001112808,-0.003057864,-0.005286373,-0.004533823,-0.001830889,-0.000633207,-0.000204912,-0.00049471,-0.001163681,-0.000790406,-0.001226713,-0.000548511,-0.001339534,-0.001114664,-5.00E-05,-0.001016548,0.001547366,-0.004090396,0.007286778,0.002737806,-0.011182539
3.2,-0.000124603,-0.000992113,-0.000916301,-0.000611206,-0.000668957,-0.000696093,-0.000948734,-0.000856876,-0.000793608,-0.000757666,-0.001171632,-0.003009355,-0.005325647,-0.004401876,-0.001793878,-0.000429895,-0.000348281,-0.00048662,-0.000947155,-0.000445043,-0.001030442,-0.001454007,-0.001094411,-0.000355428,-0.001217244,0.001599668,0.001754709,0.010856321,0.007899824,-0.023724057,0.000299185
3.25,-0.000193205,-0.001054249,-0.000969402,-0.000717591,-0.000650431,-0.000737508,-0.000933155,-0.000884729,-0.00074623,-0.000692918,-0.001156586,-0.003034947,-0.005284629,-0.004348364,-0.001762979,-0.000566265,-0.000358272,-0.000690431,5.57E-06,-0.000757425,-0.000666367,-0.000212141,-0.001601474,-0.000283292,-0.000568875,-0.003377185,-0.004133619,0.007481192,0.003085133,0.007779619,0.005035169
3.3,-0.000165295,-0.000901052,-0.001005181,-0.000599901,-0.000650448,-0.000840772,-0.00094076,-0.000882438,-0.000807161,-0.000736173,-0.001181703,-0.003098783,-0.005308703,-0.004439654,-0.001723327,-0.000763416,-0.000641826,-0.000594026,-0.000184737,-0.001029529,-0.00136405,-0.001507285,-0.002166146,-0.001098057,-0.001254939,-0.00243965,-2.90E-05,0.002691859,-0.009849359,-0.002639986,0.026397855
3.35,-0.000190413,-0.000866754,-0.000998096,-0.000656529,-0.000622181,-0.000863262,-0.000879944,-0.000880233,-0.000747888,-0.000696041,-0.001126082,-0.002937074,-0.005089332,-0.004469832,-0.001997024,-0.000503716,-0.000544156,-0.000829639,-0.000770733,-0.000522262,-0.000508859,-0.000907523,-0.00246945,0.000800218,-0.001321207,0.001147761,0.000912358,-0.007166651,0.002584068,-0.007058319,0.009684102
3.4,-0.000500657,-0.000791328,-0.000986038,-0.000588692,-0.000698811,-0.000911124,-0.000863781,-0.000926395,-0.000810029,-0.000740139,-0.001103794,-0.002908098,-0.004982623,-0.004363926,-0.001919296,-0.000611324,-0.000585262,-0.000270592,-0.000474586,-0.000790493,-2.70E-05,-0.001470174,-0.000169354,-0.00261811,0.000259888,-0.003626067,0.000592359,-0.005495834,0.001590867,-0.007628889,-0.036116287
3.45,-0.000483808,-0.00089315,-0.001014156,-0.00057,-0.000724391,-0.000877037,-0.000844662,-0.000919766,-0.000807205,-0.000694657,-0.001171248,-0.002838097,-0.005174778,-0.004339017,-0.001901588,-0.000966051,-0.000549345,4.01E-05,-0.000845604,-0.000586451,-0.001434782,-0.000332223,-0.001476536,-0.000712467,-0.001786053,0.000894806,-0.001431043,0.002347018,-0.009928342,0.005631228,0.007955432
3.5,-0.000262256,-0.000806324,-0.000965804,-0.000690807,-0.000764962,-0.000871576,-0.000897249,-0.000879473,-0.000815217,-0.00072239,-0.001116357,-0.002966235,-0.005088896,-0.004363895,-0.001701973,-0.001043717,-0.000491672,-0.000893989,-0.000189324,-0.00080792,-0.000531989,-0.001760801,-0.001520883,-0.001135999,0.00031523,-0.001541493,-0.005710926,0.001801031,-0.007019448,-0.012681662,-0.012851341
3.55,-0.000240451,-0.000817322,-0.000857809,-0.000753616,-0.000718712,-0.000811093,-0.000872986,-0.000888238,-0.000771377,-0.000746591,-0.001171215,-0.00290911,-0.005057136,-0.004329972,-0.001992443,-0.000519316,-0.000290758,-0.000473016,-0.000629532,-0.00044285,-0.000530728,-0.000675957,-0.000451467,-0.001265496,-0.00107283,-0.001861983,0.00610328,0.000344467,-0.006085167,-0.012212345,0.011573786
3.6,-0.000821102,-0.000884344,-0.000885758,-0.000665308,-0.000721725,-0.000764099,-0.00092571,-0.000891799,-0.000786536,-0.000704083,-0.001172072,-0.00278298,-0.005083445,-0.004378871,-0.001893197,-0.000872945,-0.000370875,-0.000758902,-0.000669288,-0.001077642,-0.001190698,-0.00090852,0.001495926,0.000892335,0.000509898,-0.004244095,-0.000236266,0.000318667,-0.003071558,-0.00922423,-0.01704974
3.65,-0.000308098,-0.000878782,-0.000936296,-0.000743087,-0.000648835,-0.000793,-0.000939872,-0.000837877,-0.00078008,-0.000735393,-0.001119128,-0.00289646,-0.005188226,-0.00446873,-0.00202385,-0.000791828,-0.000476275,-0.000512489,-0.000581473,-0.000391145,-0.001179395,-0.001693715,0.000617416,0.001139262,0.003355695,-0.002514017,-0.00258579,-0.001525711,-0.009030398,-0.001266391,-0.010470941
3.7,-0.000481475,-0.000746506,-0.000989166,-0.000647562,-0.00061548,-0.000821428,-0.000947873,-0.00094046,-0.000782774,-0.000688338,-0.001130057,-0.002854741,-0.005227817,-0.004352937,-0.00208767,-0.000669589,-0.000535212,-0.000827733,-0.000367318,0.000486158,-0.001893611,4.87E-05,-0.001345567,0.000217477,0.00143459,-0.00414058,-0.003425853,-0.00287053,-0.002920489,0.001426426,0.013649836
3.75,-0.000266685,-0.000714565,-0.000932797,-0.000784414,-0.000636315,-0.000852643,-0.000883817,-0.000890596,-0.000753647,-0.000728501,-0.001131845,-0.00286576,-0.005119453,-0.004500702,-0.002143678,-0.000780186,-0.000704522,-0.000751157,-0.000571851,-0.00060207,-0.000629249,-0.000230124,-0.002431968,-0.001725222,-0.001613817,0.000190573,-0.0013592,0.005562893,0.005404234,0.000904445,-0.006376692
3.8,-0.000196506,-0.000889093,-0.000955249,-0.000733689,-0.000695448,-0.000855236,-0.000834698,-0.000816558,-0.0007878,-0.000726806,-0.001129714,-0.002939148,-0.005088695,-0.004522721,-0.002122485,-0.000899082,-0.000581257,-0.000471583,-0.00071485,-0.000755668,-0.000889196,-7.65E-05,-0.002342756,-0.000871061,-0.00139778,-0.003432197,-0.004311842,0.007978704,-0.003805643,-0.002290416,-0.005655291
3.85,-0.000412521,-0.001250642,-0.000963631,-0.000682945,-0.000790492,-0.000781893,-0.000846729,-0.000831431,-0.000735906,-0.000672891,-0.001109852,-0.002852257,-0.005074432,-0.004450086,-0.00211813,-0.001181599,-0.00076455,-0.000546654,-0.000567474,-0.000741876,-0.000371704,-0.001006512,-0.000638259,0.000272855,-0.001748437,-0.000829116,-0.000801969,0.001650253,-0.009557637,-0.013588175,0.028842388
3.9,-0.000295835,-0.001181972,-0.000976331,-0.000604849,-0.000691773,-0.000738185,-0.00092647,-0.000842326,-0.000683315,-0.000649988,-0.001097851,-0.002921567,-0.005084799,-0.004515157,-0.002114678,-0.001115155,-0.000686879,-0.000361767,-0.00100841,-0.00090719,-0.001137323,-0.001062331,-0.00060321,-0.001683687,0.000696245,0.000739482,-0.000729911,-0.005084914,-0.027741039,0.004498561,0.00178192
3.95,-0.00015459,-0.001147876,-0.001084183,-0.000470982,-0.00065383,-0.000740603,-0.000921797,-0.000873446,-0.000724694,-0.000630817,-0.001070843,-0.0028126,-0.00515578,-0.004521299,-0.002212618,-0.001037518,-0.000518955,-0.000664127,-0.000671938,-0.001296497,-0.000755163,-0.001634608,-0.001393243,-0.00194737,-0.001982845,0.00150749,-0.006150006,-0.003448533,-0.003090759,0.006621838,0.004380797
4,-0.000173659,-0.001068536,-0.000995723,-0.000549077,-0.000663837,-0.000869061,-0.000924897,-0.000815342,-0.000712667,-0.000614629,-0.001012716,-0.0027541,-0.004985344,-0.004441463,-0.002161107,-0.000705438,-0.000743776,-0.000745683,-0.001052469,-0.000491669,-0.001314594,-0.00106845,-0.000837104,-0.000906646,-0.001936215,-0.002621555,-0.001283339,-0.003995868,-0.001348374,-0.002278997,0.011258691
4.05,-0.000167656,-0.000840429,-0.000944432,-0.000609422,-0.00067729,-0.000968506,-0.000844301,-0.00089025,-0.00069278,-0.000618863,-0.001022091,-0.002795187,-0.005085252,-0.004497972,-0.002284632,-0.001019752,-0.000535213,-0.000485821,-0.000423765,-0.000241604,-0.001136108,-0.001231216,0.000568406,-0.000556987,-0.000375155,-0.0002974,0.006244109,7.55E-05,-0.008124388,-0.001302653,-0.014116821
4.1,-0.000322576,-0.000807812,-0.000946127,-0.000662634,-0.000751541,-0.000978959,-0.000774155,-0.000827728,-0.000735816,-0.000612587,-0.000969576,-0.002695193,-0.005049312,-0.004467474,-0.002094837,-0.000709601,-0.000432756,-0.00110129,-0.000959532,0.000308576,-0.000840939,-0.00068854,0.000222702,-0.000682499,0.000138045,-0.001636236,-0.004764477,0.004572175,-0.011437077,0.020568218,-0.022177639
4.15,-0.000300099,-0.000888805,-0.000955675,-0.00073873,-0.000674232,-0.000880099,-0.000769383,-0.000788246,-0.000737592,-0.000564872,-0.001000497,-0.002749561,-0.005082451,-0.004483984,-0.002031061,-0.000576273,-0.000835993,-0.000770749,-0.000388575,0.000145797,-0.001042124,-0.000795387,-0.001081884,0.000331433,-4.87E-05,0.002266218,0.001337385,-0.002908894,-0.016822001,0.015438229,-0.031265693
4.2,-3.30E-05,-0.000922689,-0.001020081,-0.000753242,-0.000737606,-0.000793167,-0.000825104,-0.000814943,-0.000716863,-0.000665897,-0.001036073,-0.002721918,-0.005122518,-0.004563912,-0.002181748,-0.001096173,-0.000403442,-0.000712805,-0.000655723,-0.000563396,-0.00128124,0.00029021,-0.000445486,0.001052601,0.001653753,0.00249083,-0.002338584,-0.001370332,0.000797674,0.013284358,0.001359354
4.25,-0.000464495,-0.000941075,-0.001095374,-0.000584643,-0.00077901,-0.000748108,-0.00092051,-0.000855212,-0.000740406,-0.000642701,-0.000979933,-0.002802957,-0.005004777,-0.004550975,-0.0022883,-0.000901408,-0.000655534,-0.000698052,-0.000559718,-0.001207273,-0.000838471,0.00099479,-0.002006105,0.000395824,0.001709581,0.002369589,-0.000298357,0.002411588,0.001754352,-0.010772957,-0.031888433
4.3,-0.000342619,-0.000929616,-0.000958286,-0.00075812,-0.000751804,-0.000777115,-0.000946382,-0.000941458,-0.000771686,-0.00059554,-0.00104142,-0.002697814,-0.005029823,-0.004445856,-0.002317175,-0.001090583,-0.000677845,-0.000333693,-0.000637534,-0.000530826,-0.000350841,-0.001291986,-0.000981614,-0.001275436,-0.001728749,-0.001334484,-0.004829687,0.0025964,0.002726358,-0.006018948,-0.0090441
4.35,-0.000336028,-0.001120338,-0.000926032,-0.00069349,-0.000799829,-0.000740175,-0.000929103,-0.000892744,-0.000752519,-0.000618344,-0.001012337,-0.002765689,-0.005033857,-0.004449027,-0.002196698,-0.00111673,-0.000840495,-0.000509014,-0.000282226,-0.000721072,0.000402491,-0.000315202,-0.001193862,-0.000769543,-0.001893629,0.00166263,-0.002669298,0.000963158,-0.001074479,0.013628465,-0.021957637
4.4,-0.000558938,-0.001253197,-0.000986759,-0.000607247,-0.000751348,-0.000769255,-0.0009745,-0.000851501,-0.000774219,-0.000699284,-0.001048255,-0.002762262,-0.005063705,-0.004642088,-0.002259962,-0.001150675,-0.000826535,-0.00035907,-0.000862435,-0.000225361,-0.00025584,-9.08E-05,0.001173834,-0.000959657,-0.001588394,-9.06E-05,-0.001361978,-0.000370118,-0.005467688,0.015033128,0.006804267
4.45,-0.000876159,-0.00102206,-0.001012829,-0.000739731,-0.000675257,-0.000858498,-0.000905294,-0.000823242,-0.000795694,-0.000704784,-0.001022736,-0.002675975,-0.004964976,-0.004557083,-0.002284709,-0.001112326,-0.000736207,-0.000497804,-0.000974988,-3.39E-05,-0.000346783,-0.000118005,0.002153401,-0.000336828,0.001763627,-0.004684906,0.001192436,-0.010882079,-0.008809074,0.000935538,-0.004556091
4.5,-0.000369887,-0.000856661,-0.00113078,-0.000689061,-0.000636199,-0.000929702,-0.00082265,-0.000873281,-0.000730331,-0.000687948,-0.001060848,-0.002734357,-0.005007505,-0.004662755,-0.002265411,-0.001111833,-0.000774695,-0.00076819,-0.000788434,-0.000614524,-0.000485323,-0.000428364,0.000367535,-0.00061219,0.001073191,0.001503885,0.000716624,-0.002544772,0.004683002,0.003730715,0.008332921
4.55,-0.000543546,-0.000864779,-0.00109791,-0.000675683,-0.000724829,-0.000917329,-0.000806679,-0.000791702,-0.000735541,-0.000635342,-0.001028641,-0.002767536,-0.005187748,-0.004750809,-0.002440401,-0.000857741,-0.001069602,-0.000555177,-0.00081365,-0.000312811,-0.00073115,0.000513181,-0.000991184,-0.000311884,0.000616955,0.002886145,0.001567994,0.008199263,-0.000534631,-0.001687762,0.005300386
4.6,-0.000392366,-0.001136148,-0.001016543,-0.00069668,-0.000825953,-0.000842363,-0.000790725,-0.000797535,-0.000688436,-0.000592437,-0.000976956,-0.00278719,-0.005105679,-0.0047576,-0.002391835,-0.001135051,-0.000855923,-0.000955564,-0.000335756,-0.000103154,-0.000988271,6.03E-05,0.000861891,0.000602105,-0.001881741,-0.000817512,3.28E-05,0.004603714,0.000359004,0.008061956,0.012480616
4.65,-0.000311086,-0.000947335,-0.001035545,-0.000728833,-0.000774129,-0.000763659,-0.000886477,-0.000850414,-0.000681966,-0.000658763,-0.000978132,-0.002770016,-0.005138521,-0.004652076,-0.002425419,-0.001176441,-0.001009789,-0.000922592,-0.000587222,-0.00104525,-0.000658191,0.000505396,-0.000984477,0.001153202,-0.000176036,8.37E-05,-0.00305257,0.001920554,-0.000777182,0.007571586,0.019329461
4.7,-0.000276214,-0.001084208,-0.000990588,-0.00066594,-0.000734257,-0.000781452,-0.000924929,-0.000873664,-0.000702594,-0.000601794,-0.000901984,-0.002728251,-0.005134369,-0.004570089,-0.002373208,-0.001424101,-0.001069175,-0.00085241,-0.001020461,-0.001156032,-0.000982163,-0.000618542,0.000321506,-0.000392843,0.000128381,0.000319797,-0.001145373,0.000562719,-0.002313407,0.024119455,0.003286944
4.75,-0.000240401,-0.000753254,-0.001001895,-0.000710094,-0.000701007,-0.000801977,-0.000927653,-0.000792361,-0.000696306,-0.000586444,-0.000949185,-0.002646537,-0.005231968,-0.00465982,-0.002451415,-0.001254838,-0.000898493,-0.000466707,-0.001132331,-0.000120633,-0.000653113,-0.001957162,-1.16E-05,-4.88E-05,0.000545166,-0.002069129,-0.005783596,0.002326197,0.001902336,-0.018720626,0.008453741
4.8,-0.000310902,-0.000837441,-0.000973559,-0.000696701,-0.000687059,-0.000895442,-0.000878794,-0.000866637,-0.000736128,-0.000626498,-0.000976228,-0.002630033,-0.005164798,-0.004773573,-0.002529132,-0.001167657,-0.000891311,-0.000827802,-0.000942125,-0.000902444,-0.001100824,-0.001380236,-0.000879139,-0.000416722,0.000506375,-0.00162041,-0.000373384,0.003362701,-0.004470438,-0.000279795,-0.023633704
4.85,-0.000469725,-0.000986959,-0.001023846,-0.000656603,-0.000679713,-0.000850852,-0.000815397,-0.000844967,-0.000740984,-0.000573649,-0.000985998,-0.002611439,-0.005043252,-0.004683802,-0.002632976,-0.001340422,-0.000829802,-0.000964134,-0.00086719,-0.001502261,-0.000497735,-0.001243856,-0.001255304,-0.000304829,-0.004359058,-0.003105164,0.001515393,0.003762011,-0.000459229,-0.003664995,0.004128041
4.9,-0.000529692,-0.001033608,-0.000995067,-0.00061231,-0.000736815,-0.000846024,-0.000922473,-0.000871463,-0.000708619,-0.000540549,-0.00102853,-0.002670937,-0.00509557,-0.004849699,-0.002438186,-0.001048357,-0.00089995,-0.000965627,-0.00104166,-0.000496331,-0.000933369,-0.000851683,0.000130759,-4.10E-05,-0.000917904,-0.003323853,0.006213135,-0.001780579,0.004133359,-0.00355278,-0.003080387
4.95,-0.000268671,-0.000874745,-0.000948069,-0.000536672,-0.000757383,-0.000806328,-0.000889037,-0.000888309,-0.00071139,-0.000633326,-0.000960883,-0.002743302,-0.005189807,-0.004851164,-0.00245918,-0.000973137,-0.000985891,-0.000546586,-0.000823504,-0.000538772,-0.001128078,-0.000382829,0.001040043,-0.001617839,-0.002105456,-0.002650154,0.0043302,-0.003122608,-0.002278511,-0.002765197,-0.029182608
5,-0.000158434,-0.000730316,-0.000993021,-0.000543446,-0.000661939,-0.000824917,-0.000895839,-0.000870032,-0.000752827,-0.000588344,-0.001047453,-0.002719164,-0.004981298,-0.00471693,-0.002429933,-0.001220472,-0.001029043,-0.000901871,-0.000429634,-0.00082309,-0.001053751,-0.000355117,0.000863644,1.37E-05,0.000311725,8.37E-05,-0.001460303,-0.009168249,-0.0119429,0.009949648,-0.00118172
5.05,-0.000360414,-0.000814505,-0.001000547,-0.000716462,-0.000718075,-0.000896859,-0.000863705,-0.000831268,-0.000740741,-0.000595589,-0.000962583,-0.002758047,-0.005146517,-0.004693368,-0.002254055,-0.001299233,-0.000998532,-0.001037864,-0.000256829,-0.000649225,-0.001133138,-0.000258583,-0.001648785,0.00167421,0.000346432,0.003289707,0.0002097,0.002098305,0.000989441,0.007295108,-0.007626241
5.1,-0.000260582,-0.001117218,-0.001002733,-0.00063289,-0.000732998,-0.000931818,-0.000813073,-0.000858828,-0.00072918,-0.000611015,-0.000968773,-0.002747295,-0.005069152,-0.004654263,-0.002606179,-0.001394874,-0.000915377,-0.001073345,-0.000790309,-0.000265744,-0.000408968,-0.00039862,-0.001591028,0.000767582,-0.000442556,0.000675971,-0.001551921,-0.00427869,0.003201634,0.015658011,-0.005854299
5.15,-0.000602195,-0.001013036,-0.000971633,-0.000564823,-0.000751748,-0.000888307,-0.000806696,-0.000825298,-0.000730581,-0.000621138,-0.000964773,-0.002779353,-0.005161975,-0.004916721,-0.002446648,-0.001657965,-0.000953171,-0.000857285,-0.00132336,-0.001067455,-0.0003119,-0.000509771,-0.000757636,-0.000731645,0.000616499,-0.00324389,0.000401235,0.000504588,-0.000596184,-0.007910592,0.002341795
5.2,-0.000488462,-0.000679345,-0.001002047,-0.000613206,-0.000683543,-0.000818121,-0.000887837,-0.000789436,-0.000658569,-0.000620293,-0.001052175,-0.002702146,-0.005221035,-0.004822071,-0.002355707,-0.001594862,-0.000906371,-0.001210099,-0.000897899,-0.001308586,-0.001593658,-0.000451968,0.000694433,0.000126042,-0.000159113,-0.001085032,0.00259364,-0.004206721,-0.003190725,0.01101633,-0.01048789
5.25,-0.000183493,-0.000637274,-0.000992691,-0.000836738,-0.00070068,-0.000849844,-0.000878179,-0.000857395,-0.000704458,-0.0006191,-0.000935393,-0.002767471,-0.005154804,-0.004900207,-0.002678961,-0.001318344,-0.001123259,-0.000928429,-0.000977658,-0.000163425,-0.000954565,-0.00086238,0.001156191,0.000931951,0.001718641,-0.000714318,-5.66E-05,0.000854991,-0.004848366,0.006628589,0.007459103
5.3,-0.000266882,-0.000953322,-0.000966325,-0.000679482,-0.000776813,-0.000845291,-0.000796204,-0.000828067,-0.000667689,-0.000593473,-0.00088048,-0.00268754,-0.0051756,-0.004976658,-0.002468101,-0.001291301,-0.001008149,-0.001087084,-0.001224294,-0.000850578,-0.000723894,-0.000116857,-0.001382267,-0.001731648,-0.000213629,0.003246115,0.001293692,0.001806242,0.000134773,0.020756392,0.0106161
5.35,-0.000158683,-0.000921139,-0.001003056,-0.000626321,-0.000760218,-0.000819155,-0.00085314,-0.000772989,-0.000630714,-0.000562528,-0.000960353,-0.002659059,-0.005161094,-0.00496783,-0.002693772,-0.001270104,-0.001522224,-0.001045959,-0.001678647,-0.000618908,-0.001828991,0.000184347,-0.001770637,-0.004130264,0.002249205,0.001338319,0.004502064,0.004723412,0.000263463,0.009118158,0.016002072
5.4,1.55E-05,-0.000925272,-0.000980481,-0.000575122,-0.000761377,-0.000753566,-0.000936876,-0.000804017,-0.000677877,-0.000568296,-0.000876889,-0.00270556,-0.005092304,-0.004797978,-0.002628068,-0.001409294,-0.001030372,-0.000688956,-0.001306898,-0.001224252,-0.001773805,-0.000631931,-0.002457077,-0.000453968,0.000560026,0.002968442,0.002841402,0.008560463,-0.00998907,-0.012503543,0.003206651
5.45,-0.000397363,-0.000817277,-0.001047145,-0.000500803,-0.000733016,-0.000755815,-0.00093228,-0.000867267,-0.000719108,-0.000576704,-0.000904947,-0.002645805,-0.005194732,-0.004815126,-0.002589396,-0.001577051,-0.001008083,-0.000802159,-0.001473042,-0.001441434,-0.001115893,-0.001915843,-0.00118449,5.63E-05,-0.002413809,-0.00228614,-0.005984941,-0.001105224,0.004484111,0.002664606,0.019285113
5.5,-0.000270756,-0.000741332,-0.001007385,-0.000603068,-0.00071617,-0.000865473,-0.000919893,-0.000847718,-0.000742401,-0.000550947,-0.000938588,-0.002680969,-0.00518987,-0.004734482,-0.002404388,-0.001205312,-0.001273256,-0.001023219,-0.00081971,-0.000947212,-0.001392789,-0.000891208,-0.001057765,-0.000615474,-0.003190331,-0.001224082,-0.000294613,-0.004679454,-0.012774116,0.00040466,0.031343241
5.55,-0.000243448,-0.000720651,-0.000972093,-0.000479771,-0.000742796,-0.000905002,-0.000847634,-0.000825965,-0.000727187,-0.000563369,-0.000915385,-0.00261445,-0.005028611,-0.004774974,-0.00263807,-0.001485564,-0.00091902,-0.001202756,-0.000997319,-0.000890409,-0.001012473,-0.000459383,-0.001287281,-0.000533735,-0.001335527,-0.001180649,-0.003225466,0.00165482,-0.000290197,0.01439684,-0.023360628
5.6,-0.000380185,-0.000726349,-0.001002755,-0.000653119,-0.000791731,-0.000869039,-0.000829448,-0.000799844,-0.000751726,-0.000636679,-0.000992536,-0.002587631,-0.005051795,-0.004784397,-0.00248425,-0.001446967,-0.00099644,-0.00082049,-9.15E-05,-0.001134985,-0.000801976,-0.001436046,-0.000428384,-0.002885891,0.003009028,-0.003622038,0.002479996,-0.009884645,0.003480855,-0.011335994,-0.000700273
5.65,-0.000238602,-0.000995661,-0.001039062,-0.000612687,-0.000774259,-0.000856304,-0.000815,-0.000812472,-0.000664017,-0.000609732,-0.000955736,-0.002573583,-0.005116684,-0.004769822,-0.002583181,-0.001347677,-0.000806786,-0.000339861,-0.000326162,-0.001600954,-0.001280048,-0.001038362,0.000469154,0.000274586,-0.000949003,-0.001223321,0.001037036,0.00114143,0.006233468,-0.011498758,0.002808372
5.7,-0.000288544,-0.000912273,-0.000948806,-0.00061903,-0.00075374,-0.000862848,-0.000841867,-0.000746525,-0.000714219,-0.000521455,-0.000944215,-0.002681143,-0.005158722,-0.00473721,-0.002519121,-0.001045209,-0.000752123,-0.000747489,-0.001483805,0.000311216,-0.000470952,-0.001714059,-0.001234636,-0.000164526,0.000948938,-0.001609501,-0.003439491,0.00451829,-0.003839483,0.002197532,0.010273137
5.75,-0.000364575,-0.000944103,-0.00103573,-0.000580507,-0.000756938,-0.000851075,-0.000833538,-0.00077379,-0.000695097,-0.000634762,-0.000956568,-0.002614305,-0.00503389,-0.004910605,-0.002579236,-0.001380803,-0.000906595,-0.001267778,-0.000800501,-0.000309495,-0.000252464,-0.00044507,0.002353292,-0.001742183,-0.001882748,0.000699279,0.002099894,0.003145281,-0.002856999,0.003804603,-0.002463151
5.8,-0.000596279,-0.001075008,-0.001059802,-0.000582987,-0.000742267,-0.000895779,-0.000826364,-0.000784278,-0.000728653,-0.000623418,-0.000962737,-0.002589923,-0.005145418,-0.004841851,-0.002605767,-0.001278727,-0.001098089,-0.000960697,-0.000602067,-0.000799571,-0.002012657,0.000424377,0.001141574,-0.000377725,-0.001056543,-0.000288649,0.003091143,0.001875138,-0.000318849,0.012159291,0.010896334
5.85,-0.000418097,-0.000894472,-0.001046364,-0.000543995,-0.00081683,-0.000882247,-0.00079745,-0.000835231,-0.000678543,-0.000560005,-0.000946229,-0.002679981,-0.005102147,-0.004790383,-0.002589359,-0.00135995,-0.001166104,-0.001053326,-0.000348813,-0.000607723,-0.000616521,0.000244592,0.000350424,0.002882855,0.000915284,-0.003643515,0.000721947,-0.00271844,-0.001811987,0.019185859,0.026307252
5.9,-0.00057851,-0.000877035,-0.001032908,-0.000627333,-0.000823784,-0.000790278,-0.000834358,-0.000746395,-0.000648644,-0.000564289,-0.000925888,-0.002709682,-0.005119706,-0.004883275,-0.002517807,-0.001335242,-0.000812779,-0.001048372,-0.001559604,-0.000667062,0.000432528,-0.000352193,-0.000983956,0.001981475,0.00021795,0.001152467,0.004149996,0.001527551,0.006989931,0.016007494,0.022802466
5.95,-0.000264782,-0.001047951,-0.00103594,-0.000636843,-0.000766251,-0.000794472,-0.000852644,-0.000766863,-0.000678158,-0.000536779,-0.000906976,-0.002617376,-0.005125838,-0.00477998,-0.002610384,-0.001380568,-0.001030335,-0.001104255,-0.000832021,-0.001384008,-0.000448624,-0.00074996,-0.001613965,0.000763362,-0.000709269,0.000393572,0.002485642,-0.00281276,-0.002335761,-0.01037438,-0.025349611
6,-0.000289952,-0.000875012,-0.000965322,-0.000654185,-0.000849242,-0.000788693,-0.000876376,-0.000802229,-0.000709576,-0.000496245,-0.000958097,-0.002680875,-0.005176097,-0.004800474,-0.002673294,-0.001696174,-0.000852346,-0.00113054,-0.000368663,-0.000712198,-0.001281901,-0.000636574,0.00013977,-9.50E-05,-0.000387643,0.001069831,0.001543218,0.004265681,-0.001032302,-0.004530578,0.014479033
6.05,-0.000240545,-0.000829336,-0.001066161,-0.000630283,-0.000824786,-0.000787945,-0.000901563,-0.000788769,-0.000656765,-0.000551262,-0.000937599,-0.002652416,-0.005112497,-0.004874077,-0.002548676,-0.001384865,-0.000732062,-0.000527618,-0.000495923,-0.000832713,-0.000525853,-0.000261227,-0.000610112,0.000209214,0.001087469,-0.00086021,-0.001183714,0.001675785,0.004205176,0.017516471,-0.01639935
6.1,-1.75E-05,-0.000818347,-0.00096878,-0.000458098,-0.000786527,-0.000790775,-0.000905613,-0.000825355,-0.000727505,-0.000543573,-0.000811439,-0.002677037,-0.004991313,-0.004743202,-0.002405813,-0.001212298,-0.000552094,-0.00096862,-0.000561315,-0.000846961,-1.48E-05,-0.001152272,0.00016194,-0.000897159,0.000729508,0.001169512,0.004915144,0.002638658,0.006382774,0.019391092,-0.018019045
6.15,-0.000175487,-0.000753308,-0.000959998,-0.000483526,-0.000806938,-0.000850206,-0.000855688,-0.000817501,-0.000705296,-0.000646818,-0.000903686,-0.002636358,-0.004970296,-0.004745595,-0.002648416,-0.001309685,-0.000882251,-0.001013174,-0.000996573,-0.000568169,7.67E-05,-0.000523425,-0.001069398,-0.000563619,-0.000422257,0.001486796,0.000914487,0.00261122,0.001799708,0.005885401,-0.003999751
6.2,-0.000290304,-0.000696223,-0.000923446,-0.000560569,-0.000717242,-0.000891706,-0.000848839,-0.000886318,-0.000729283,-0.000593862,-0.000863193,-0.00267615,-0.005164493,-0.004650251,-0.002687347,-0.001397665,-0.000750606,-0.000878624,4.77E-05,-0.000862476,-0.001092951,-6.95E-05,0.000178772,-0.000710593,-0.002036833,0.000837268,-0.008620718,-0.010313722,-0.007809818,0.00835087,0.001708555
6.25,-0.000286601,-0.000668142,-0.000806677,-0.000620689,-0.000776726,-0.000920917,-0.000805223,-0.000839467,-0.000744301,-0.000581105,-0.000934329,-0.002642418,-0.005105525,-0.004641007,-0.002564132,-0.001280522,-0.00091263,-0.000791651,-0.000751099,0.000246561,-0.000843633,3.41E-05,-0.000210673,-0.002179106,-0.000249009,-0.003186403,-0.003952946,0.001745524,-0.001416162,-0.006144282,-0.009592363
6.3,-0.000552613,-0.001003047,-0.000907195,-0.000707742,-0.000803626,-0.000867093,-0.000785205,-0.00080926,-0.000728821,-0.000544281,-0.000979994,-0.002651025,-0.0050559,-0.004602141,-0.002475647,-0.001249453,-0.000722361,-0.000689959,-0.001502794,-0.000344425,-7.78E-05,0.001466073,-0.000952366,0.00045583,0.000907536,-0.002763193,0.006721516,0.00753554,-0.008513181,0.005669995,0.035556272
6.35,-0.000638739,-0.000869372,-0.000855371,-0.000673987,-0.000747493,-0.000822879,-0.000826755,-0.000768917,-0.000666552,-0.000483297,-0.000980867,-0.002704716,-0.00506715,-0.004837818,-0.002595346,-0.001374754,-0.00078329,-0.000825465,-0.000438863,-0.00014532,-0.000521744,-0.000401017,-2.11E-05,-0.000363717,-0.001761755,-0.000124137,0.003938513,0.007952017,0.003961575,0.009771626,0.015908691
6.4,-0.000529137,-0.000907863,-0.000964669,-0.000738746,-0.000777319,-0.000801133,-0.000828896,-0.000804554,-0.000653809,-0.000555898,-0.000900254,-0.00264427,-0.005049819,-0.004672408,-0.002432239,-0.001280491,-0.000617985,-0.000842613,-0.000368011,-0.000572759,-0.00133792,-0.00081464,0.000403762,-0.000629475,-0.00139,0.001133116,0.004451983,-0.003522216,0.002346137,0.014557609,-0.027543623
6.45,-0.000390443,-0.000868531,-0.000986493,-0.0006379,-0.000845922,-0.000818375,-0.000864358,-0.000787597,-0.000635925,-0.000601482,-0.000938342,-0.002656319,-0.005081363,-0.004756349,-0.002556901,-0.001345872,-0.000966406,-0.001014815,-0.001070201,-1.02E-06,0.000683057,9.13E-05,-0.001563508,0.00341127,0.002202044,0.000643895,-0.001913655,-0.001330885,0.004915999,0.01112165,0.002265569
6.5,-0.000524327,-0.000953539,-0.001071969,-0.000682236,-0.000772455,-0.000885668,-0.000824765,-0.000783398,-0.000659104,-0.000545053,-0.000935369,-0.002664294,-0.005073721,-0.004722914,-0.002430054,-0.00125445,-0.001026085,-0.000987597,-0.000694933,-0.000247665,-0.00015172,-0.00052447,-0.002040986,-0.000689222,0.0002645,0.00276531,0.007791369,-0.003478496,-0.002270062,0.010406115,-0.009698111
6.55,-0.000161749,-0.00089225,-0.000915187,-0.000632544,-0.000868207,-0.000843978,-0.000809925,-0.00082933,-0.000679656,-0.000548459,-0.000980247,-0.002585972,-0.00507533,-0.004739518,-0.002472216,-0.001519896,-0.001059582,-0.001095675,-0.000754579,-0.000841295,-0.000293774,-0.000198095,0.000505753,-0.000789063,-0.001440333,0.000933803,-0.000998654,-0.004635805,6.72E-05,-0.002077978,0.011081452
6.6,-0.000336506,-0.001046089,-0.001010768,-0.000585271,-0.000839794,-0.000798977,-0.000830335,-0.000820453,-0.000673047,-0.000553562,-0.000935404,-0.002637888,-0.005098638,-0.004802154,-0.002621478,-0.001382369,-0.001038474,-0.001013164,-0.001306611,-0.000725521,0.000392871,-0.000216064,-0.000654908,0.00177671,0.001149,-0.001244778,-0.000918754,0.004242772,0.001617815,0.018047964,-0.030963466
6.65,-0.000410102,-0.000885667,-0.000911976,-0.000686834,-0.000812524,-0.000758815,-0.000878497,-0.000778763,-0.000587879,-0.000492399,-0.000882395,-0.002619104,-0.004974155,-0.004714462,-0.002501696,-0.001330101,-0.000883193,-0.000712737,-0.00118058,-0.000702052,-0.001754131,-0.001653091,-0.000436307,-0.002155508,-0.000353869,0.002870213,0.004562761,-0.002387431,0.006863533,0.000618241,-0.001882158
6.7,-0.000148808,-0.000719094,-0.000976311,-0.000618021,-0.000763424,-0.000760863,-0.000856747,-0.00085189,-0.000656482,-0.000491167,-0.000850053,-0.002570429,-0.005014434,-0.004803049,-0.002628379,-0.001244159,-0.000798223,-0.000964459,-0.000680288,-0.000816109,-0.000405715,0.000236789,0.000401093,-0.002804235,-0.002703227,0.002855354,0.000121093,-0.010638161,0.006259386,-0.006812636,0.007863364
6.75,9.61E-05,-0.000736743,-0.000875393,-0.000502278,-0.000774371,-0.000808582,-0.000866564,-0.000782677,-0.0007185,-0.00055755,-0.000902456,-0.002565191,-0.005081374,-0.004745055,-0.00248376,-0.001590868,-0.000992402,-0.000874475,-0.001156854,-0.00128917,-0.000400876,-0.000595716,5.08E-05,-0.00012797,-0.001499358,-0.005981312,-0.005485195,0.006848583,0.008967947,0.004689495,0.022729471
6.8,-0.000449945,-0.000678512,-0.000847784,-0.000503533,-0.000755586,-0.000863592,-0.000816148,-0.000808422,-0.000715358,-0.000570122,-0.000932974,-0.002576588,-0.004995474,-0.004585213,-0.002357015,-0.00087848,-0.000979185,-0.000815655,-0.000360323,-0.00052358,-0.001004276,-0.001502709,-0.001531582,-0.001854744,-0.000923324,-7.84E-05,0.002213847,-0.004065285,-0.009335276,0.00255455,-0.031052066
6.85,-0.000587391,-0.000836256,-0.000973605,-0.000568969,-0.000790955,-0.000902849,-0.000817135,-0.000793569,-0.00069136,-0.000575189,-0.000833419,-0.002570412,-0.004882843,-0.004673193,-0.002289536,-0.001314355,-0.000558993,-0.001021392,-0.000755115,-0.001111506,-0.000819287,-0.000522112,0.000260123,-0.000488724,-6.09E-05,0.00075128,0.007286337,0.004062004,0.007418484,-0.010323959,0.005403488
6.9,-0.000376271,-0.000940576,-0.000905477,-0.000612597,-0.000776806,-0.000823392,-0.000773673,-0.000806498,-0.000650353,-0.00055592,-0.000909214,-0.002644332,-0.004989535,-0.004554165,-0.002438554,-0.001193594,-0.000632947,-0.000722401,0.000170534,-0.000459849,-0.000326741,0.000414568,-0.001888368,-0.001906334,0.004148534,-0.000406955,-0.003343882,-0.00150893,-0.001130494,-0.006982841,0.008362489
6.95,-0.000458563,-0.001021441,-0.000914745,-0.000618187,-0.000789719,-0.00076461,-0.000833894,-0.000855787,-0.000673058,-0.000622648,-0.000961515,-0.002566742,-0.005002013,-0.00460232,-0.002344832,-0.00140312,-0.001022782,-0.000518179,-0.00102071,-0.000750758,-0.001810903,0.000699858,-0.000430805,-0.00080181,0.000349881,0.001748541,-0.002321884,-0.001177768,-0.001709126,0.000107736,6.63E-05
7,-0.000299053,-0.001096755,-0.000992846,-0.000591247,-0.000873802,-0.000750244,-0.000891875,-0.000767085,-0.000652501,-0.0005379,-0.000877421,-0.002501957,-0.00504857,-0.004651701,-0.002398697,-0.001088213,-0.000675295,-0.000609196,-0.000606593,-0.000445978,0.000637721,-0.000839793,0.000122372,-0.000263527,-0.000168057,-0.001711179,-0.002356547,0.003867942,0.002444434,-0.002690471,-0.010494419
7.05,-0.000157342,-0.001041512,-0.000953805,-0.000580769,-0.00077069,-0.000849517,-0.000869431,-0.000829092,-0.000638566,-0.000516303,-0.000905651,-0.002695153,-0.005034324,-0.004618555,-0.002398543,-0.001137968,-0.000790999,-0.000541431,-0.000274003,-0.000957038,-0.000202301,-0.000492305,-0.00106721,0.000261152,0.000428731,-0.003358005,-0.002730505,-0.001148461,-0.00961156,0.013234074,-0.009610521
7.1,-0.000484214,-0.000975672,-0.001072993,-0.000646719,-0.00075418,-0.000899322,-0.000831354,-0.000839735,-0.000678414,-0.000549226,-0.000908566,-0.002656644,-0.00508355,-0.004746228,-0.002276393,-0.001100955,-0.000874327,-0.000687635,-0.000640701,0.000784047,-0.000881879,0.000285001,0.00104956,-0.000955672,-7.95E-05,0.002317156,0.001626319,0.00234879,0.002151736,0.008773133,0.00948921
7.15,-0.00037162,-0.000755538,-0.000978272,-0.000673247,-0.000905666,-0.000858401,-0.000812019,-0.000759788,-0.000701607,-0.000540005,-0.000927218,-0.002625777,-0.004958384,-0.004640837,-0.002530733,-0.001206936,-0.001009947,-0.001077944,-0.000705959,-0.000571734,-0.001192704,-0.000494257,0.001566005,0.001808189,0.00220811,-0.001447664,0.001551078,0.004284452,0.003607718,0.013281713,-0.006006575
7.2,-0.000150043,-0.000825517,-0.00096749,-0.000698189,-0.000850355,-0.000804753,-0.000846382,-0.000783753,-0.000679947,-0.000572032,-0.000954918,-0.002597994,-0.004955961,-0.004889702,-0.00248564,-0.001202809,-0.000825014,-0.0005429,-0.001008223,-0.00036841,-0.000522821,0.000308979,0.000483755,-0.000864223,-0.000115842,0.001102686,0.003281339,-0.002154495,0.006900987,-0.003394464,0.01057407
7.25,-0.000443689,-0.000987175,-0.000990919,-0.000594008,-0.000817729,-0.000752484,-0.000887375,-0.000866805,-0.000689641,-0.000559787,-0.000900344,-0.002665793,-0.004982792,-0.004613677,-0.002307672,-0.001423878,-0.001035288,-0.001153632,-0.00096615,-0.0010811,-0.002001866,-0.000220107,-0.000298137,0.002565846,0.000390266,0.005705977,-0.001441827,-0.002031377,0.003660491,-0.00680593,-0.008226756
7.3,-0.000264686,-0.000792057,-0.000963156,-0.000507231,-0.000773239,-0.000757036,-0.000931395,-0.000813951,-0.00072255,-0.000588088,-0.00091502,-0.002559515,-0.004964537,-0.004588814,-0.002432287,-0.001043461,-0.001166657,-0.000702461,-0.000629157,-0.001156428,-0.000358619,-0.000965596,-0.001729089,0.000456485,0.001672448,-0.001678924,-0.001385437,0.013510134,0.003349555,0.008584957,-0.044948674
7.35,-0.000379207,-0.000779657,-0.000882709,-0.000530484,-0.000768148,-0.000784233,-0.000901917,-0.000828864,-0.000737841,-0.000608231,-0.000951907,-0.002534933,-0.005074527,-0.004654776,-0.0025115,-0.001160044,-0.000349842,-0.000996392,-0.001481384,-0.00124337,-0.00113496,-0.001595734,-0.003366458,6.06E-05,0.001217442,0.001403199,-0.000869724,0.000505228,0.006231454,0.014794861,0.002844908
7.4,-0.000236643,-0.000843054,-0.000833193,-0.000654244,-0.00080439,-0.000838256,-0.000869209,-0.000851423,-0.000733,-0.000635189,-0.000883308,-0.002635659,-0.004912296,-0.004344935,-0.002346262,-0.00120177,-0.000790825,-0.000632541,1.18E-05,-2.98E-05,-0.000453316,-0.000310784,0.000667594,-0.001458284,-0.001552859,-0.002742825,-0.001205684,0.006803397,-0.002665958,0.012262676,0.00640087
7.45,-0.000433615,-0.001021573,-0.000920533,-0.000593964,-0.000733124,-0.000821179,-0.000843529,-0.000817764,-0.000692456,-0.00068906,-0.001000413,-0.002664371,-0.00506195,-0.004568418,-0.002469781,-0.00113684,-0.000398386,-0.000596216,-0.000668701,-0.001117713,-0.000690366,-0.001065054,-0.00040469,-0.000228991,0.000390851,-9.85E-05,-0.002173973,0.001563116,-0.001990853,-0.002191689,0.003624784
7.5,-0.000579969,-0.000941506,-0.000900543,-0.000617505,-0.000760981,-0.000801471,-0.000836031,-0.000821576,-0.000724465,-0.000627025,-0.001023525,-0.002649566,-0.004932136,-0.004644221,-0.002377075,-0.001116886,-0.000675932,-0.000825694,-0.000331034,0.000155037,3.85E-05,-0.000190141,0.000354961,-0.000432428,-0.000510855,-0.001338271,-0.000724657,0.002718347,0.009457078,-0.004546356,-0.005562947
7.55,-0.000207953,-0.000930321,-0.000977495,-0.000472665,-0.000793657,-0.000813805,-0.000833464,-0.000856125,-0.00070262,-0.000522772,-0.00094272,-0.002676686,-0.004978644,-0.004618907,-0.002420845,-0.001399029,-0.000989074,-0.000670433,-0.000179606,-0.000390702,-3.13E-05,0.000919444,0.001484868,-0.000142246,0.000628851,-0.000983541,-0.005202739,-0.006855843,0.001892173,0.001490473,0.000472584
7.6,-0.000446261,-0.001007854,-0.000907378,-0.000622982,-0.000780262,-0.000852648,-0.000835094,-0.000780308,-0.000724314,-0.000546873,-0.000986092,-0.002655491,-0.005003675,-0.004660858,-0.002353363,-0.001257714,-0.000740759,-0.000554588,-0.000583721,-0.000726748,-0.00038312,-0.000240051,0.000299743,-0.001738769,-0.002444782,0.000228605,0.010118379,0.004733523,0.00828052,-0.011544869,-0.0084319
7.65,-0.000543169,-0.00090835,-0.000987132,-0.000652073,-0.000820022,-0.000820072,-0.000790284,-0.000867427,-0.000666691,-0.000539531,-0.000926832,-0.002698688,-0.005021617,-0.004658927,-0.002575704,-0.001231049,-0.001128561,-0.000798415,-0.000713283,0.000275622,-0.001122396,-0.000293333,0.001513353,0.000256207,0.002168668,-0.002230246,-0.005752293,-0.005416281,-0.003061147,-0.001340713,-0.013483426
7.7,-0.000164359,-0.000934503,-0.000957141,-0.000672441,-0.000906854,-0.000778171,-0.000835916,-0.000785219,-0.000675011,-0.000603558,-0.000942417,-0.00266723,-0.004961377,-0.004600047,-0.002339174,-0.001229019,-0.000817012,-0.000421495,-0.000189649,-0.000723457,-0.000516478,2.53E-05,-0.0011457,0.001402718,0.001246427,-0.00088197,0.009974707,0.00143317,-0.000571988,0.005207474,-0.021903338
7.75,-0.000134962,-0.000946047,-0.000965536,-0.00063975,-0.000838644,-0.000713462,-0.000892991,-0.000850724,-0.000677927,-0.000588839,-0.000937235,-0.002602491,-0.004964736,-0.004653109,-0.002474494,-0.001242665,-0.000926961,-0.001207557,-0.001056572,-0.001347692,-0.000851779,0.000383698,0.001860713,-0.001344847,-0.000428382,-0.001725473,0.000879831,-0.001494573,-0.00266531,0.0109068,-0.000334542
7.8,-0.000527442,-0.001026659,-0.00088867,-0.00055529,-0.00073443,-0.00069046,-0.000934649,-0.00083553,-0.000727574,-0.000588294,-0.000937458,-0.002613461,-0.004963154,-0.004540879,-0.002289786,-0.001217359,-0.000601043,-0.001147424,-0.001392506,0.00036934,-0.001005311,-0.000790642,0.000112197,0.002344593,0.002220121,-0.002591389,0.004220893,0.001716143,0.013159628,0.004422572,0.006291757
7.85,-0.000506795,-0.00089757,-0.000931083,-0.000505011,-0.000736675,-0.000739601,-0.000917063,-0.000834692,-0.00073176,-0.000639272,-0.000941943,-0.002616362,-0.00499309,-0.004530572,-0.002487357,-0.001239221,-0.000881083,-0.00102264,-0.000900619,-0.000952774,-0.001274363,-0.001001602,-0.001267701,0.000277989,0.000688335,0.001446862,0.001763764,0.007084039,0.013750451,0.009232658,-0.017946098
7.9,-0.000370991,-0.000686426,-0.000886756,-0.000632015,-0.000651258,-0.000874234,-0.00087615,-0.000817821,-0.000719217,-0.000620182,-0.000917614,-0.00266086,-0.005048801,-0.00453926,-0.002337726,-0.000922175,-0.000943221,-0.000777206,-0.000611889,-0.001464667,-0.000375871,-0.001622366,-0.000916026,-0.002027156,0.001284541,0.000863717,-0.000191316,0.011016738,0.005351265,0.013844832,0.016530931
7.95,-0.000477044,-0.000765106,-0.000968361,-0.000592174,-0.000791091,-0.000938592,-0.000811845,-0.000847694,-0.000718754,-0.000612509,-0.000984462,-0.002569937,-0.005054263,-0.00453462,-0.002335226,-0.000966816,-0.001016591,-0.000722071,-0.000247326,-0.000308419,-0.001598156,-0.001708675,-0.001978287,-0.000837806,0.000981333,-0.006224693,-0.002536164,-0.005071175,0.012929292,-0.007349477,0.009137622
8,-0.000773565,-0.000778603,-0.000914787,-0.000753916,-0.000726199,-0.000833642,-0.000778044,-0.000819636,-0.000730658,-0.00065628,-0.000909524,-0.002587372,-0.004939148,-0.004381185,-0.002324248,-0.001229809,-0.000812792,-0.000549423,-0.000593926,-0.000374349,-0.00093761,-0.000525675,-0.000761894,-0.000832985,-9.38E-05,0.001721374,0.003197819,0.003336395,0.002017058,0.018175221,0.023373086
8.05,-0.000349735,-0.001027359,-0.001001166,-0.000609294,-0.000704896,-0.000768586,-0.000843811,-0.000762855,-0.000728339,-0.000569596,-0.000928741,-0.002646565,-0.004981695,-0.004513413,-0.00257233,-0.00108019,-0.000872834,-0.000244494,-0.000462248,0.000148771,-0.000528486,-0.000278438,-0.000216917,-0.001563964,-0.001147064,-0.003285865,-0.003142789,0.001511525,-0.011231643,-0.000281528,-0.022466876
8.1,-9.87E-05,-0.000905823,-0.001055821,-0.000626884,-0.000819255,-0.000760191,-0.000902559,-0.000818758,-0.000703436,-0.000591438,-0.000940735,-0.002714012,-0.004899223,-0.004442469,-0.002310114,-0.001025142,-0.000786328,-0.000480795,-0.000413325,-0.000136078,-0.000702068,-0.000798739,0.000423587,-0.001998849,-0.002728488,-0.002046477,-0.000655357,0.000541562,0.001973994,0.024515959,0.005833128
8.15,-0.000434229,-0.000957526,-0.001035495,-0.000696784,-0.00082301,-0.000758249,-0.000915439,-0.00082136,-0.000720955,-0.000652202,-0.000935768,-0.002772284,-0.004891081,-0.004505355,-0.002273895,-0.001057756,-0.000768206,-0.000686451,-0.000721982,-0.000579005,-5.29E-05,-0.000934687,-0.001859762,0.000377352,-0.002097064,0.000575776,-0.002094008,0.007202415,-0.010491269,0.000309843,-0.013850305
8.2,-0.000279914,-0.000754116,-0.001006937,-0.000510142,-0.000846566,-0.00078803,-0.00087367,-0.000892304,-0.000714136,-0.000631181,-0.001024341,-0.002698769,-0.004889032,-0.004639085,-0.002267937,-0.001228536,-0.000807594,-0.000597833,-0.000491519,-0.000302714,4.69E-05,0.000683792,0.001606431,0.002582014,-7.47E-05,0.000628232,-0.00213018,0.002249853,-0.010155614,-0.000817323,-0.006747288
8.25,-0.00016751,-0.000786864,-0.000878586,-0.000551369,-0.000772438,-0.000752666,-0.000921585,-0.000857263,-0.000701631,-0.000642795,-0.000990537,-0.002648305,-0.004937974,-0.004608893,-0.002315391,-0.001234537,-0.001008711,-0.000808954,-0.000598207,4.58E-05,-0.000377883,-0.000875619,0.00084152,0.001196218,0.001648337,0.000464368,0.003429317,0.002154977,-0.001987452,-0.006555136,0.016096002
8.3,-0.000503353,-0.000786801,-0.000871033,-0.000502833,-0.000697669,-0.000826511,-0.000881276,-0.000855233,-0.000746393,-0.000602777,-0.000968468,-0.002634105,-0.005048656,-0.004603295,-0.002399179,-0.000921761,-0.000911399,-0.000809498,-0.001125857,-0.00089105,-0.000336485,-0.000529651,0.000630854,0.000135504,-0.00041665,0.001380414,-0.0049793,0.007876038,-0.000842842,0.00196649,-0.001274036
8.35,-0.000433853,-0.000804712,-0.000923559,-0.000539912,-0.000747378,-0.000870926,-0.000859215,-0.000940056,-0.000785849,-0.000576756,-0.000910916,-0.002573789,-0.004902643,-0.004517673,-0.002206133,-0.001119156,-0.000936376,-0.000846714,-0.001002358,8.65E-05,-0.000434814,-0.001203225,-0.000474912,0.000915136,0.001479799,0.006572683,0.002845283,0.001343379,-0.012857658,0.012200935,-0.023671912
8.4,-0.000328665,-0.000969672,-0.000912335,-0.00067666,-0.000803699,-0.000857523,-0.000848063,-0.000847673,-0.000734822,-0.000727829,-0.000955473,-0.002593281,-0.005001,-0.004533926,-0.002330689,-0.001138646,-0.000843368,-0.000531851,-0.001109381,-0.000555947,-0.000760167,-0.000656393,-0.001360078,0.001462432,0.000653064,0.00107482,0.003645673,0.003245044,0.005592124,0.004996524,0.049575266
8.45,-0.000415231,-0.001111023,-0.00096706,-0.000593577,-0.000861104,-0.000723037,-0.000826313,-0.000850076,-0.000776087,-0.000685728,-0.000971677,-0.002614937,-0.004870964,-0.004448825,-0.002288025,-0.000841248,-0.000465025,-0.000805035,-0.000225444,-0.001226599,-0.00153132,-0.001640206,-0.000324159,-0.000682873,-0.000504691,0.003631577,-0.003519509,0.003563419,0.003554849,0.000248785,-0.004417623
8.5,3.82E-06,-0.000831721,-0.000900242,-0.00058161,-0.000813889,-0.000685196,-0.000883465,-0.000849469,-0.000722471,-0.00074523,-0.001029941,-0.002742995,-0.004822456,-0.004452049,-0.002366122,-0.00080189,-0.000736615,-0.001033311,-0.000168481,-0.000655999,-0.000695352,-0.001935019,-0.000827037,0.001232806,-0.000946904,-0.00073826,0.003186985,0.001478653,-0.001258202,0.002075472,-0.000678618
8.55,1.37E-05,-0.000640029,-0.000969057,-0.000593902,-0.00072304,-0.000877078,-0.000906909,-0.000876186,-0.000690444,-0.000698168,-0.001033706,-0.00273905,-0.004891723,-0.004579121,-0.002156927,-0.001094751,-0.000719962,-0.000216896,-0.0012226,-0.000479066,0.000219332,0.00013909,-0.001859939,-0.00140039,-0.001237527,0.002436728,0.002520194,-0.013714252,0.005031783,0.008749754,-0.021885058
8.6,-0.000403827,-0.000961292,-0.000878721,-0.000712092,-0.000736799,-0.000890922,-0.000764212,-0.000811843,-0.00071296,-0.000596953,-0.001030122,-0.002635541,-0.004963418,-0.004427081,-0.002201545,-0.000940002,-0.000622418,-0.000763327,-0.000679774,0.000463868,-0.000801707,-0.000781219,-0.001690112,-0.00304003,-0.001589173,0.001792793,-0.000527739,0.005148765,0.003794236,0.016209178,0.004554442
8.65,-0.000265201,-0.000871825,-0.000826675,-0.00060463,-0.000798061,-0.00069374,-0.000802907,-0.00075885,-0.000661582,-0.000577977,-0.000970648,-0.002691497,-0.00495515,-0.004511704,-0.00231679,-0.000977294,-0.000752317,-0.000808024,-0.001448962,-0.000583042,2.40E-05,-0.001223003,0.000590329,-0.000605396,-0.000629351,0.002126556,-0.004185699,-0.000516127,-0.005082099,0.016590831,-0.034299895
8.7,-0.000322722,-0.000965545,-0.000938801,-0.000615676,-0.000723926,-0.000717009,-0.000900148,-0.000796102,-0.000620238,-0.000546919,-0.001006078,-0.002506831,-0.004933071,-0.004660622,-0.002346788,-0.001093995,-0.000845019,-0.000540608,-0.000399489,-0.001220411,-0.000896999,-0.000362772,0.000697527,0.001545492,-0.00010459,0.002135635,0.001416587,-0.002204318,-0.005908031,0.011971843,-0.00326112
8.75,-0.000534361,-0.001171006,-0.000918841,-0.000650655,-0.000854889,-0.000835997,-0.000890147,-0.000842387,-0.000707715,-0.000561009,-0.001015607,-0.002583928,-0.004909412,-0.004330778,-0.002284397,-0.001151001,-0.000879144,-0.001083994,-0.000776587,-0.000703924,-0.00165129,0.000605978,-0.000144919,0.001385777,-0.003676109,0.000542022,0.000613121,-0.006027918,-0.003651352,0.004173743,0.007708253
8.8,5.75E-05,-0.000792986,-0.000919931,-0.000504625,-0.000845006,-0.000856477,-0.000811148,-0.000888282,-0.000726736,-0.000674982,-0.000995625,-0.002566689,-0.004857329,-0.004404791,-0.002267003,-0.001493167,-0.000946833,-0.001158504,-0.001492745,-0.001109247,-0.000424937,-0.001644619,-0.000514962,0.001588181,-0.001380359,-0.000537002,0.006508466,0.001295721,-0.003524608,0.00184993,-0.038466213
8.85,-0.000373039,-0.000907106,-0.000926646,-0.000678349,-0.000761122,-0.000764381,-0.000796443,-0.000781254,-0.0007085,-0.00068249,-0.001043137,-0.002586381,-0.004868941,-0.004307304,-0.002243101,-0.000935161,-0.000669536,-0.001164149,-0.000608103,-0.000549921,-0.001926608,-0.000339643,-0.000313469,-0.001646128,0.004011741,0.00132775,-0.00373325,0.00461515,-0.002900494,-0.000487708,-0.001657824
8.9,-0.000466186,-0.00098318,-0.000910289,-0.000726303,-0.000831672,-0.000844131,-0.000819182,-0.000752035,-0.000688883,-0.000668679,-0.001045564,-0.002632903,-0.004864131,-0.004406429,-0.002209065,-0.001140447,-0.000668394,-0.000950815,-0.000945684,-0.001498244,-0.001973059,-0.001549818,-0.000129565,0.000471281,-0.000516342,-0.000314763,0.004792681,-0.000226021,6.78E-05,0.012123828,0.01861334
8.95,-0.000456174,-0.000780789,-0.000969671,-0.000541403,-0.000898197,-0.000765423,-0.000794936,-0.000823081,-0.00068607,-0.000595298,-0.001014719,-0.002759513,-0.004860207,-0.00440655,-0.00211897,-0.001095667,-0.000826288,-0.000269652,-0.000491465,-0.001559952,-0.000555072,-0.000435664,-0.000229387,-0.001534564,1.13E-06,-0.00414164,0.007069248,0.008354737,0.020094618,0.011487881,-0.008428504
9,-0.000282855,-0.000999912,-0.000997209,-0.000538606,-0.000784136,-0.000740305,-0.000889632,-0.000811174,-0.000653728,-0.000572093,-0.000962635,-0.002661298,-0.004928109,-0.00443304,-0.002023231,-0.001235235,-0.000876881,-0.001112007,-0.000733733,-0.000548158,-0.001737058,-0.000847584,0.000140414,-0.002496225,-0.002169944,-0.002424961,0.003417113,-0.008319875,0.005005446,0.009749027,-0.012059354
